num,경복궁: (일본),date
1,21,2015-02-01
2,16,2015-02-08
3,21,2015-02-15
4,21,2015-02-22
5,32,2015-03-01
6,15,2015-03-08
7,36,2015-03-15
8,22,2015-03-22
9,15,2015-03-29
10,31,2015-04-05
11,15,2015-04-12
12,35,2015-04-19
13,10,2015-04-26
14,10,2015-05-03
15,39,2015-05-10
16,29,2015-05-17
17,5,2015-05-24
18,19,2015-05-31
19,29,2015-06-07
20,43,2015-06-14
21,14,2015-06-21
22,23,2015-06-28
23,60,2015-07-05
24,28,2015-07-12
25,14,2015-07-19
26,19,2015-07-26
27,18,2015-08-02
28,18,2015-08-09
29,9,2015-08-16
30,5,2015-08-23
31,18,2015-08-30
32,13,2015-09-06
33,13,2015-09-13
34,14,2015-09-20
35,5,2015-09-27
36,9,2015-10-04
37,18,2015-10-11
38,9,2015-10-18
39,19,2015-10-25
40,42,2015-11-01
41,23,2015-11-08
42,23,2015-11-15
43,23,2015-11-22
44,18,2015-11-29
45,18,2015-12-06
46,27,2015-12-13
47,14,2015-12-20
48,10,2015-12-27
49,13,2016-01-03
50,22,2016-01-10
51,13,2016-01-17
52,31,2016-01-24
53,4,2016-01-31
54,44,2016-02-07
55,26,2016-02-14
56,40,2016-02-21
57,22,2016-02-28
58,51,2016-03-06
59,43,2016-03-13
60,26,2016-03-20
61,34,2016-03-27
62,17,2016-04-03
63,21,2016-04-10
64,13,2016-04-17
65,22,2016-04-24
66,13,2016-05-01
67,21,2016-05-08
68,21,2016-05-15
69,21,2016-05-22
70,34,2016-05-29
71,34,2016-06-05
72,12,2016-06-12
73,21,2016-06-19
74,25,2016-06-26
75,35,2016-07-03
76,35,2016-07-10
77,17,2016-07-17
78,26,2016-07-24
79,9,2016-07-31
80,19,2016-08-07
81,19,2016-08-14
82,13,2016-08-21
83,45,2016-08-28
84,22,2016-09-04
85,22,2016-09-11
86,17,2016-09-18
87,31,2016-09-25
88,26,2016-10-02
89,27,2016-10-09
90,36,2016-10-16
91,23,2016-10-23
92,42,2016-10-30
93,28,2016-11-06
94,45,2016-11-13
95,22,2016-11-20
96,9,2016-11-27
97,25,2016-12-04
98,22,2016-12-11
99,13,2016-12-18
100,27,2016-12-25
101,4,2017-01-01
102,21,2017-01-08
103,25,2017-01-15
104,29,2017-01-22
105,21,2017-01-29
106,33,2017-02-05
107,32,2017-02-12
108,37,2017-02-19
109,36,2017-02-26
110,32,2017-03-05
111,20,2017-03-12
112,32,2017-03-19
113,16,2017-03-26
114,20,2017-04-02
115,8,2017-04-09
116,12,2017-04-16
117,8,2017-04-23
118,4,2017-04-30
119,16,2017-05-07
120,21,2017-05-14
121,21,2017-05-21
122,33,2017-05-28
123,8,2017-06-04
124,12,2017-06-11
125,30,2017-06-18
126,12,2017-06-25
127,8,2017-07-02
128,28,2017-07-09
129,8,2017-07-16
130,35,2017-07-23
131,12,2017-07-30
132,23,2017-08-06
133,31,2017-08-13
134,35,2017-08-20
135,32,2017-08-27
136,24,2017-09-03
137,31,2017-09-10
138,12,2017-09-17
139,28,2017-09-24
140,32,2017-10-01
141,32,2017-10-08
142,16,2017-10-15
143,12,2017-10-22
144,41,2017-10-29
145,25,2017-11-05
146,21,2017-11-12
147,27,2017-11-19
148,13,2017-11-26
149,31,2017-12-03
150,35,2017-12-10
151,22,2017-12-17
152,35,2017-12-24
153,9,2017-12-31
154,21,2018-01-07
155,25,2018-01-14
156,93,2018-01-21
157,21,2018-01-28
158,33,2018-02-04
159,58,2018-02-11
160,38,2018-02-18
161,25,2018-02-25
162,41,2018-03-04
163,21,2018-03-11
164,62,2018-03-18
165,21,2018-03-25
166,42,2018-04-01
167,34,2018-04-08
168,26,2018-04-15
169,42,2018-04-22
170,46,2018-04-29
171,38,2018-05-06
172,45,2018-05-13
173,13,2018-05-20
174,29,2018-05-27
175,33,2018-06-03
176,16,2018-06-10
177,16,2018-06-17
178,21,2018-06-24
179,24,2018-07-01
180,28,2018-07-08
181,33,2018-07-15
182,28,2018-07-22
183,28,2018-07-29
184,44,2018-08-05
185,44,2018-08-12
186,44,2018-08-19
187,41,2018-08-26
188,36,2018-09-02
189,20,2018-09-09
190,49,2018-09-16
191,25,2018-09-23
192,52,2018-09-30
193,34,2018-10-07
194,47,2018-10-14
195,47,2018-10-21
196,43,2018-10-28
197,24,2018-11-04
198,13,2018-11-11
199,43,2018-11-18
200,60,2018-11-25
201,54,2018-12-02
202,30,2018-12-09
203,12,2018-12-16
204,30,2018-12-23
205,26,2018-12-30
206,59,2019-01-06
207,29,2019-01-13
208,73,2019-01-20
209,44,2019-01-27
210,38,2019-02-03
211,59,2019-02-10
212,88,2019-02-17
213,52,2019-02-24
214,100,2019-03-03
215,64,2019-03-10
216,59,2019-03-17
217,43,2019-03-24
218,55,2019-03-31
219,32,2019-04-07
220,48,2019-04-14
221,47,2019-04-21
222,31,2019-04-28
223,56,2019-05-05
224,39,2019-05-12
225,31,2019-05-19
226,19,2019-05-26
227,48,2019-06-02
228,49,2019-06-09
229,45,2019-06-16
230,41,2019-06-23
231,40,2019-06-30
232,37,2019-07-07
233,23,2019-07-14
234,34,2019-07-21
235,35,2019-07-28
236,34,2019-08-04
237,15,2019-08-11
238,56,2019-08-18
239,45,2019-08-25
240,19,2019-09-01
241,41,2019-09-08
242,42,2019-09-15
243,38,2019-09-22
244,33,2019-09-29
245,28,2019-10-06
246,45,2019-10-13
247,42,2019-10-20
248,34,2019-10-27
249,42,2019-11-03
250,41,2019-11-10
251,30,2019-11-17
252,41,2019-11-24
253,38,2019-12-01
254,15,2019-12-08
255,18,2019-12-15
256,26,2019-12-22
257,37,2019-12-29
258,36,2020-01-05
259,39,2020-01-12
260,53,2020-01-19
261,36,2020-01-26